="45LVO04955";="BMDV";="G23";="BAV";="II.2";="Gemeinde Seeshaupt";="09190152";="Seeshaupt";="Seeshaupt";="Bayern";="Deutschland";="Gemeinde Seeshaupt";="09190152";="Seeshaupt";="Seeshaupt";="Bayern";="Deutschland";="Errichtung von Ladeinfrastruktur mit Standorten im Gebiet der Bundesrepublik Deutschland";="HA5010";="Ladeinfrastruktur für Elektrofahrzeuge";="16.03.2022";="31.12.2022";30.400,00;="Technologie- und Innovationsförderung";="";="PDIR";
="45LVO03003";="BMDV";="G23";="BAV";="II.2";="D.A. Solarstromanlagen Bückeburg GmbH & Co. KG";="03257009";="Bückeburg";="Bückeburg";="Niedersachsen";="Deutschland";="D.A. Solarstromanlagen Bückeburg GmbH & Co. KG";="03257009";="Bückeburg";="Bückeburg";="Niedersachsen";="Deutschland";="Errichtung von Ladeinfrastruktur mit Standorten im Gebiet der Bundesrepublik Deutschland";="HA5010";="Ladeinfrastruktur für Elektrofahrzeuge";="23.02.2022";="31.12.2022";140.100,00;="Technologie- und Innovationsförderung";="";="PDIR";
="6901BF0840";="BMDV";="DG11";="PWC";="PWC_B";="Gemeinde Marquartstein";="09189129";="Marquartstein";="Marquartstein";="Bayern";="Deutschland";="Gemeinde Marquartstein";="09189129";="Marquartstein";="Marquartstein";="Bayern";="Deutschland";="Beratungsleistung - Ausbau der Breitbandinfrastruktur nach Nr. 3.3 der Gigabit-RL des Bundes";="ZMAN";="LP für alle Mandanten";="15.03.2022";="14.03.2024";50.000,00;="Ministerium";="";="PDIR";
="4411G0366S";="BMDV";="DG11";="ATENE";="SB";="Stadt Bielefeld";="05711000";="Bielefeld";="Bielefeld";="Nordrhein-Westfalen";="Deutschland";="Stadt Bielefeld";="05711000";="Bielefeld";="Bielefeld";="Nordrhein-Westfalen";="Deutschland";="Ausbau der Breitbandinfrastruktur nach dem Wirtschaftlichkeitslückenmodell nach Ziff. 5.4 i.V.m. Nr. 3.1 der Förderrichtlinie des Bundes";="ZMAN";="LP für alle Mandanten";="23.04.2020";="31.03.2024";10.984,00;="Ministerium";="";="PDIR";
="45LVO03437";="BMDV";="G23";="BAV";="II.2";="Keine Anzeige aufgrund datenschutzrechtlicher Regelungen.";="08425104";="Rottenacker";="Rottenacker";="Baden-Württemberg";="Deutschland";="Keine Anzeige aufgrund datenschutzrechtlicher Regelungen.";="08425104";="Rottenacker";="Rottenacker";="Baden-Württemberg";="Deutschland";="Errichtung von Ladeinfrastruktur mit Standorten im Gebiet der Bundesrepublik Deutschland";="HA5010";="Ladeinfrastruktur für Elektrofahrzeuge";="11.03.2022";="31.12.2022";19.834,00;="Technologie- und Innovationsförderung";="";="PDIR";
="4411G0368S";="BMDV";="DG11";="ATENE";="SB";="Stadt Bielefeld";="05711000";="Bielefeld";="Bielefeld";="Nordrhein-Westfalen";="Deutschland";="Stadt Bielefeld";="05711000";="Bielefeld";="Bielefeld";="Nordrhein-Westfalen";="Deutschland";="Ausbau der Breitbandinfrastruktur nach dem Wirtschaftlichkeitslückenmodell nach Ziff. 5.4 i.V.m. Nr. 3.1 der Förderrichtlinie des Bundes";="ZMAN";="LP für alle Mandanten";="23.04.2020";="31.12.2023";8.670,00;="Ministerium";="";="PDIR";
="45LVO03196";="BMDV";="G23";="BAV";="II.2";="Keine Anzeige aufgrund datenschutzrechtlicher Regelungen.";="08225068";="Neunkirchen";="Neunkirchen";="Baden-Württemberg";="Deutschland";="Keine Anzeige aufgrund datenschutzrechtlicher Regelungen.";="08225068";="Neunkirchen";="Neunkirchen";="Baden-Württemberg";="Deutschland";="Errichtung von Ladeinfrastruktur mit Standorten im Gebiet der Bundesrepublik Deutschland";="HA5010";="Ladeinfrastruktur für Elektrofahrzeuge";="23.02.2022";="31.12.2022";8.000,00;="Technologie- und Innovationsförderung";="";="PDIR";
="45LVO03521";="BMDV";="G23";="BAV";="II.2";="Keine Anzeige aufgrund datenschutzrechtlicher Regelungen.";="08336107";="Kleines Wiesental";="Kleines Wiesental";="Baden-Württemberg";="Deutschland";="Keine Anzeige aufgrund datenschutzrechtlicher Regelungen.";="08336107";="Kleines Wiesental";="Kleines Wiesental";="Baden-Württemberg";="Deutschland";="Errichtung von Ladeinfrastruktur mit Standorten im Gebiet der Bundesrepublik Deutschland";="HA5010";="Ladeinfrastruktur für Elektrofahrzeuge";="02.03.2022";="31.12.2022";9.161,00;="Technologie- und Innovationsförderung";="";="PDIR";
="45LVO03213";="BMDV";="G23";="BAV";="II.2";="BRUGGER'S HOTELPARK am See GmbH & Co. KG";="08315113";="Titisee-Neustadt";="Titisee-Neustadt";="Baden-Württemberg";="Deutschland";="BRUGGER'S HOTELPARK am See GmbH & Co. KG";="08315113";="Titisee-Neustadt";="Titisee-Neustadt";="Baden-Württemberg";="Deutschland";="Errichtung von Ladeinfrastruktur mit Standorten im Gebiet der Bundesrepublik Deutschland";="HA5010";="Ladeinfrastruktur für Elektrofahrzeuge";="23.02.2022";="31.12.2022";20.484,00;="Technologie- und Innovationsförderung";="";="PDIR";
="45LVO03438";="BMDV";="G23";="BAV";="II.2";="Leine-Hotel GmbH";="03241013";="Pattensen";="Pattensen";="Niedersachsen";="Deutschland";="Leine-Hotel GmbH";="03241013";="Pattensen";="Pattensen";="Niedersachsen";="Deutschland";="Errichtung von Ladeinfrastruktur mit Standorten im Gebiet der Bundesrepublik Deutschland";="HA5010";="Ladeinfrastruktur für Elektrofahrzeuge";="02.03.2022";="31.12.2022";16.000,00;="Technologie- und Innovationsförderung";="";="PDIR";
="45LVO03211";="BMDV";="G23";="BAV";="II.2";="Autohaus Erich Stehle GmbH";="08436009";="Bad Waldsee";="Bad Waldsee";="Baden-Württemberg";="Deutschland";="Autohaus Erich Stehle GmbH";="08436009";="Bad Waldsee";="Bad Waldsee";="Baden-Württemberg";="Deutschland";="Errichtung von Ladeinfrastruktur mit Standorten im Gebiet der Bundesrepublik Deutschland";="HA5010";="Ladeinfrastruktur für Elektrofahrzeuge";="23.02.2022";="31.12.2022";58.000,00;="Technologie- und Innovationsförderung";="";="PDIR";
="45LVO03162";="BMDV";="G23";="BAV";="II.2";="Theo Boeckels Nutzfahrzeuge GmbH";="05166036";="Willich";="Willich";="Nordrhein-Westfalen";="Deutschland";="Theo Boeckels Nutzfahrzeuge GmbH";="05166036";="Willich";="Willich";="Nordrhein-Westfalen";="Deutschland";="Errichtung von Ladeinfrastruktur mit Standorten im Gebiet der Bundesrepublik Deutschland";="HA5010";="Ladeinfrastruktur für Elektrofahrzeuge";="23.02.2022";="31.12.2022";15.524,00;="Technologie- und Innovationsförderung";="";="PDIR";
="45LVO03198";="BMDV";="G23";="BAV";="II.2";="Energieberatung Rems & Fils GmbH";="08119055";="Plüderhausen";="Plüderhausen";="Baden-Württemberg";="Deutschland";="Energieberatung Rems & Fils GmbH";="08119055";="Plüderhausen";="Plüderhausen";="Baden-Württemberg";="Deutschland";="Errichtung von Ladeinfrastruktur mit Standorten im Gebiet der Bundesrepublik Deutschland";="HA5010";="Ladeinfrastruktur für Elektrofahrzeuge";="23.02.2022";="31.12.2022";132.000,00;="Technologie- und Innovationsförderung";="";="PDIR";
="45LVO03204";="BMDV";="G23";="BAV";="II.2";="Touristik-Gesellschaft Medebach mbH";="05958028";="Medebach";="Medebach";="Nordrhein-Westfalen";="Deutschland";="Touristik-Gesellschaft Medebach mbH";="05958028";="Medebach";="Medebach";="Nordrhein-Westfalen";="Deutschland";="Errichtung von Ladeinfrastruktur mit Standorten im Gebiet der Bundesrepublik Deutschland";="HA5010";="Ladeinfrastruktur für Elektrofahrzeuge";="23.02.2022";="31.12.2022";4.000,00;="Technologie- und Innovationsförderung";="";="PDIR";
="45LVO03005";="BMDV";="G23";="BAV";="II.2";="Keine Anzeige aufgrund datenschutzrechtlicher Regelungen.";="03454044";="Rhede (Ems)";="Rhede (Ems)";="Niedersachsen";="Deutschland";="Keine Anzeige aufgrund datenschutzrechtlicher Regelungen.";="03454044";="Rhede (Ems)";="Rhede (Ems)";="Niedersachsen";="Deutschland";="Errichtung von Ladeinfrastruktur mit Standorten im Gebiet der Bundesrepublik Deutschland";="HA5010";="Ladeinfrastruktur für Elektrofahrzeuge";="23.02.2022";="31.12.2022";18.000,00;="Technologie- und Innovationsförderung";="";="PDIR";
="45LVO03766";="BMDV";="G23";="BAV";="II.2";="Keine Anzeige aufgrund datenschutzrechtlicher Regelungen.";="07232333";="Üttfeld";="Üttfeld";="Rheinland-Pfalz";="Deutschland";="Keine Anzeige aufgrund datenschutzrechtlicher Regelungen.";="07232333";="Üttfeld";="Üttfeld";="Rheinland-Pfalz";="Deutschland";="Errichtung von Ladeinfrastruktur mit Standorten im Gebiet der Bundesrepublik Deutschland";="HA5010";="Ladeinfrastruktur für Elektrofahrzeuge";="07.03.2022";="31.12.2022";5.776,00;="Technologie- und Innovationsförderung";="";="PDIR";
="45LVO03788";="BMDV";="G23";="BAV";="II.2";="Keine Anzeige aufgrund datenschutzrechtlicher Regelungen.";="05562008";="Datteln";="Datteln";="Nordrhein-Westfalen";="Deutschland";="Keine Anzeige aufgrund datenschutzrechtlicher Regelungen.";="05562008";="Datteln";="Datteln";="Nordrhein-Westfalen";="Deutschland";="Errichtung von Ladeinfrastruktur mit Standorten im Gebiet der Bundesrepublik Deutschland";="HA5010";="Ladeinfrastruktur für Elektrofahrzeuge";="08.03.2022";="31.12.2022";6.560,00;="Technologie- und Innovationsförderung";="";="PDIR";
="45LVO03286";="BMDV";="G23";="BAV";="II.2";="Keine Anzeige aufgrund datenschutzrechtlicher Regelungen.";="07313000";="Landau in der Pfalz";="Landau in der Pfalz";="Rheinland-Pfalz";="Deutschland";="Keine Anzeige aufgrund datenschutzrechtlicher Regelungen.";="07313000";="Landau in der Pfalz";="Landau in der Pfalz";="Rheinland-Pfalz";="Deutschland";="Errichtung von Ladeinfrastruktur mit Standorten im Gebiet der Bundesrepublik Deutschland";="HA5010";="Ladeinfrastruktur für Elektrofahrzeuge";="23.02.2022";="31.12.2022";9.200,00;="Technologie- und Innovationsförderung";="";="PDIR";
="45LVO03506";="BMDV";="G23";="BAV";="II.2";="Keine Anzeige aufgrund datenschutzrechtlicher Regelungen.";="09780121";="Fischen i.Allgäu";="Fischen i. Allgäu";="Bayern";="Deutschland";="Keine Anzeige aufgrund datenschutzrechtlicher Regelungen.";="09780121";="Fischen i.Allgäu";="Fischen i. Allgäu";="Bayern";="Deutschland";="Errichtung von Ladeinfrastruktur mit Standorten im Gebiet der Bundesrepublik Deutschland";="HA5010";="Ladeinfrastruktur für Elektrofahrzeuge";="23.02.2022";="31.12.2022";13.467,00;="Technologie- und Innovationsförderung";="";="PDIR";
="45LVO03511";="BMDV";="G23";="BAV";="II.2";="Hotel PRISMA Betriebs- und Management-GmbH";="01004000";="Neumünster";="Neumünster";="Schleswig-Holstein";="Deutschland";="Hotel PRISMA Betriebs- und Management-GmbH";="01004000";="Neumünster";="Neumünster";="Schleswig-Holstein";="Deutschland";="Errichtung von Ladeinfrastruktur mit Standorten im Gebiet der Bundesrepublik Deutschland";="HA5010";="Ladeinfrastruktur für Elektrofahrzeuge";="14.03.2022";="31.12.2022";18.000,00;="Technologie- und Innovationsförderung";="";="PDIR";
="45LVO02746";="BMDV";="G23";="BAV";="II.2";="Keine Anzeige aufgrund datenschutzrechtlicher Regelungen.";="08415090";="Hohenstein";="Hohenstein";="Baden-Württemberg";="Deutschland";="Keine Anzeige aufgrund datenschutzrechtlicher Regelungen.";="08415090";="Hohenstein";="Hohenstein";="Baden-Württemberg";="Deutschland";="Errichtung von Ladeinfrastruktur mit Standorten im Gebiet der Bundesrepublik Deutschland";="HA5010";="Ladeinfrastruktur für Elektrofahrzeuge";="23.02.2022";="31.12.2022";34.000,00;="Technologie- und Innovationsförderung";="";="PDIR";
="45LVO03459";="BMDV";="G23";="BAV";="II.2";="Hotel Bodenmaiser Hof e.K.";="09276117";="Bodenmais";="Bodenmais";="Bayern";="Deutschland";="Hotel Bodenmaiser Hof e.K.";="09276117";="Bodenmais";="Bodenmais";="Bayern";="Deutschland";="Errichtung von Ladeinfrastruktur mit Standorten im Gebiet der Bundesrepublik Deutschland";="HA5010";="Ladeinfrastruktur für Elektrofahrzeuge";="23.02.2022";="31.12.2022";14.560,00;="Technologie- und Innovationsförderung";="";="PDIR";
="45LVO02776";="BMDV";="G23";="BAV";="II.2";="AS-Verwaltungs GmbH";="09571136";="Dinkelsbühl";="Dinkelsbühl";="Bayern";="Deutschland";="AS-Verwaltungs GmbH";="09571136";="Dinkelsbühl";="Dinkelsbühl";="Bayern";="Deutschland";="Errichtung von Ladeinfrastruktur mit Standorten im Gebiet der Bundesrepublik Deutschland";="HA5010";="Ladeinfrastruktur für Elektrofahrzeuge";="24.02.2022";="31.12.2022";112.000,00;="Technologie- und Innovationsförderung";="";="PDIR";
="03B20479";="BMDV";="G25";="PT-J";="EVI1";="Entsorgungsbetriebe Bremerhaven AöR";="04012000";="Bremerhaven";="Bremerhaven";="Bremen";="Deutschland";="Entsorgungsbetriebe Bremerhaven AöR";="04012000";="Bremerhaven";="Bremerhaven";="Bremen";="Deutschland";="NIP II-HyLand_Hyways4Future_EBB_01SFZ";="HA4011";="Alternative Antriebstechnologien";="01.03.2022";="31.08.2024";782.793,00;="Technologie- und Innovationsförderung";="";="PDIR";
="6901BF0828";="BMDV";="DG11";="PWC";="PWC_B";="Stadt Sonthofen";="09780139";="Sonthofen";="Sonthofen";="Bayern";="Deutschland";="Stadt Sonthofen";="09780139";="Sonthofen";="Sonthofen";="Bayern";="Deutschland";="Beratungsleistung - Ausbau der Breitbandinfrastruktur nach Nr. 3.3 der Gigabit-RL des Bundes";="ZMAN";="LP für alle Mandanten";="15.03.2022";="14.03.2024";50.000,00;="Ministerium";="";="PDIR";
="6901BF0689";="BMDV";="DG11";="PWC";="PWC_B";="Gemeinde Stallwang";="09278189";="Stallwang";="Stallwang";="Bayern";="Deutschland";="Gemeinde Stallwang";="09278189";="Stallwang";="Stallwang";="Bayern";="Deutschland";="Beratungsleistung - Ausbau der Breitbandinfrastruktur nach Nr. 3.3 der Gigabit-RL des Bundes";="ZMAN";="LP für alle Mandanten";="15.03.2022";="14.03.2024";50.000,00;="Ministerium";="";="PDIR";
="6901BF0836";="BMDV";="DG11";="PWC";="PWC_B";="Stadt Neresheim";="08136045";="Neresheim";="Neresheim";="Baden-Württemberg";="Deutschland";="Stadt Neresheim";="08136045";="Neresheim";="Neresheim";="Baden-Württemberg";="Deutschland";="Beratungsleistung - Ausbau der Breitbandinfrastruktur nach Nr. 3.3 der Gigabit-RL des Bundes";="ZMAN";="LP für alle Mandanten";="15.03.2022";="14.03.2024";50.000,00;="Ministerium";="";="PDIR";
="6901BF0837";="BMDV";="DG11";="PWC";="PWC_B";="Markt Bruck i. d. OPf.";="09376117";="Bruck i.d.OPf.";="Bruck i.d.OPf.";="Bayern";="Deutschland";="Markt Bruck i. d. OPf.";="09376117";="Bruck i.d.OPf.";="Bruck i.d.OPf.";="Bayern";="Deutschland";="Beratungsleistung - Ausbau der Breitbandinfrastruktur nach Nr. 3.3 der Gigabit-RL des Bundes";="ZMAN";="LP für alle Mandanten";="01.03.2022";="29.02.2024";50.000,00;="Ministerium";="";="PDIR";
="6901BF0838";="BMDV";="DG11";="PWC";="PWC_B";="Gemeinde Rattiszell";="09278189";="Stallwang";="Stallwang";="Bayern";="Deutschland";="Gemeinde Rattiszell";="09278189";="Stallwang";="Stallwang";="Bayern";="Deutschland";="Beratungsleistung - Ausbau der Breitbandinfrastruktur nach Nr. 3.3 der Gigabit-RL des Bundes";="ZMAN";="LP für alle Mandanten";="01.03.2022";="29.02.2024";50.000,00;="Ministerium";="";="PDIR";
="6901BF0662";="BMDV";="DG11";="PWC";="PWC_B";="Gemeinde Elchesheim-Illingen";="08216012";="Elchesheim-Illingen";="Elchesheim-Illingen";="Baden-Württemberg";="Deutschland";="Gemeinde Elchesheim-Illingen";="08216012";="Elchesheim-Illingen";="Elchesheim-Illingen";="Baden-Württemberg";="Deutschland";="Beratungsleistung - Ausbau der Breitbandinfrastruktur nach Nr. 3.3 der Gigabit-RL des Bundes";="ZMAN";="LP für alle Mandanten";="15.03.2022";="14.03.2024";50.000,00;="Ministerium";="";="PDIR";
="45LVO03069";="BMDV";="G23";="BAV";="II.2";="Keine Anzeige aufgrund datenschutzrechtlicher Regelungen.";="09462000";="Bayreuth";="Bayreuth";="Bayern";="Deutschland";="Keine Anzeige aufgrund datenschutzrechtlicher Regelungen.";="09462000";="Bayreuth";="Bayreuth";="Bayern";="Deutschland";="Errichtung von Ladeinfrastruktur mit Standorten im Gebiet der Bundesrepublik Deutschland";="HA5010";="Ladeinfrastruktur für Elektrofahrzeuge";="04.03.2022";="31.12.2022";18.000,00;="Technologie- und Innovationsförderung";="";="PDIR";
="45LVO05506";="BMDV";="G23";="BAV";="II.2";="Amt Kleine Elster";="12062333";="Massen-Niederlausitz";="Massen";="Brandenburg";="Deutschland";="Amt Kleine Elster";="12062333";="Massen-Niederlausitz";="Massen";="Brandenburg";="Deutschland";="Errichtung von Ladeinfrastruktur mit Standorten im Gebiet der Bundesrepublik Deutschland";="HA5010";="Ladeinfrastruktur für Elektrofahrzeuge";="10.03.2022";="31.12.2022";214.253,00;="Technologie- und Innovationsförderung";="";="PDIR";
="45LVO03230";="BMDV";="G23";="BAV";="II.2";="Mundt GmbH Hannover";="03241001";="Hannover";="Hannover";="Niedersachsen";="Deutschland";="Mundt GmbH Hannover";="03241001";="Hannover";="Hannover";="Niedersachsen";="Deutschland";="Errichtung von Ladeinfrastruktur mit Standorten im Gebiet der Bundesrepublik Deutschland";="HA5010";="Ladeinfrastruktur für Elektrofahrzeuge";="23.02.2022";="31.12.2022";132.000,00;="Technologie- und Innovationsförderung";="";="PDIR";
="45LVO05450";="BMDV";="G23";="BAV";="II.2";="Stadt Helmbrechts";="09475136";="Helmbrechts";="Helmbrechts";="Bayern";="Deutschland";="Stadt Helmbrechts";="09475136";="Helmbrechts";="Helmbrechts";="Bayern";="Deutschland";="Errichtung von Ladeinfrastruktur mit Standorten im Gebiet der Bundesrepublik Deutschland";="HA5010";="Ladeinfrastruktur für Elektrofahrzeuge";="25.02.2022";="31.12.2022";54.000,00;="Technologie- und Innovationsförderung";="";="PDIR";
="45LVO05466";="BMDV";="G23";="BAV";="II.2";="Gemeinde Unterneukirchen";="09171135";="Unterneukirchen";="Unterneukirchen";="Bayern";="Deutschland";="Gemeinde Unterneukirchen";="09171135";="Unterneukirchen";="Unterneukirchen";="Bayern";="Deutschland";="Errichtung von Ladeinfrastruktur mit Standorten im Gebiet der Bundesrepublik Deutschland";="HA5010";="Ladeinfrastruktur für Elektrofahrzeuge";="25.02.2022";="31.12.2022";180.000,00;="Technologie- und Innovationsförderung";="";="PDIR";
="45LVO03591";="BMDV";="G23";="BAV";="II.2";="Kleeschulte Erden GmbH & Co. KG";="05974036";="Rüthen";="Rüthen";="Nordrhein-Westfalen";="Deutschland";="Kleeschulte Erden GmbH & Co. KG";="05974036";="Rüthen";="Rüthen";="Nordrhein-Westfalen";="Deutschland";="Errichtung von Ladeinfrastruktur mit Standorten im Gebiet der Bundesrepublik Deutschland";="HA5010";="Ladeinfrastruktur für Elektrofahrzeuge";="23.02.2022";="31.12.2022";8.000,00;="Technologie- und Innovationsförderung";="";="PDIR";
="45LVO03059";="BMDV";="G23";="BAV";="II.2";="Auto Zimmermann GmbH";="14628270";="Pirna";="Pirna";="Sachsen";="Deutschland";="Auto Zimmermann GmbH";="14628270";="Pirna";="Pirna";="Sachsen";="Deutschland";="Errichtung von Ladeinfrastruktur mit Standorten im Gebiet der Bundesrepublik Deutschland";="HA5010";="Ladeinfrastruktur für Elektrofahrzeuge";="28.02.2022";="31.12.2022";18.000,00;="Technologie- und Innovationsförderung";="";="PDIR";
="45LVO05524";="BMDV";="G23";="BAV";="II.2";="Stadt Bramsche";="03459014";="Bramsche";="Bramsche";="Niedersachsen";="Deutschland";="Stadt Bramsche";="03459014";="Bramsche";="Bramsche";="Niedersachsen";="Deutschland";="Errichtung von Ladeinfrastruktur mit Standorten im Gebiet der Bundesrepublik Deutschland";="HA5010";="Ladeinfrastruktur für Elektrofahrzeuge";="11.03.2022";="31.12.2022";12.090,00;="Technologie- und Innovationsförderung";="";="PDIR";
="45LVO03586";="BMDV";="G23";="BAV";="II.2";="Verkehrsbetriebe Bils GmbH";="05570040";="Sendenhorst";="Sendenhorst";="Nordrhein-Westfalen";="Deutschland";="Verkehrsbetriebe Bils GmbH";="05570040";="Sendenhorst";="Sendenhorst";="Nordrhein-Westfalen";="Deutschland";="Errichtung von Ladeinfrastruktur mit Standorten im Gebiet der Bundesrepublik Deutschland";="HA5010";="Ladeinfrastruktur für Elektrofahrzeuge";="23.02.2022";="31.12.2022";3.844,00;="Technologie- und Innovationsförderung";="";="PDIR";
="45LVO05526";="BMDV";="G23";="BAV";="II.2";="Stadt Idstein";="06439008";="Idstein";="Idstein";="Hessen";="Deutschland";="Stadt Idstein";="06439008";="Idstein";="Idstein";="Hessen";="Deutschland";="Errichtung von Ladeinfrastruktur mit Standorten im Gebiet der Bundesrepublik Deutschland";="HA5010";="Ladeinfrastruktur für Elektrofahrzeuge";="16.03.2022";="31.12.2022";64.000,00;="Technologie- und Innovationsförderung";="";="PDIR";
="45LVO03074";="BMDV";="G23";="BAV";="II.2";="City Hotel Roding GmbH & Co. KG";="09372153";="Roding";="Roding";="Bayern";="Deutschland";="City Hotel Roding GmbH & Co. KG";="09372153";="Roding";="Roding";="Bayern";="Deutschland";="Errichtung von Ladeinfrastruktur mit Standorten im Gebiet der Bundesrepublik Deutschland";="HA5010";="Ladeinfrastruktur für Elektrofahrzeuge";="03.03.2022";="31.12.2022";196.946,00;="Technologie- und Innovationsförderung";="";="PDIR";
="67KMN048V";="BMU";="TIII3";="PT-ZUG";="IKK";="Stadt Baesweiler";="05334008";="Baesweiler";="Baesweiler";="Nordrhein-Westfalen";="Deutschland";="Stadt Baesweiler";="05334008";="Baesweiler";="Baesweiler";="Nordrhein-Westfalen";="Deutschland";="KoMoNa: 'Baesweiler blüht auf: für mehr Artenvielfalt in unserer Stadt!'";="ZMAN";="LP für alle Mandanten";="04.02.2022";="31.01.2024";85.800,00;="Ministerium";="";="PDIR";
="45LVO03076";="BMDV";="G23";="BAV";="II.2";="steidten properties + invests GmbH";="12065036";="Birkenwerder";="Birkenwerder";="Brandenburg";="Deutschland";="steidten properties + invests GmbH";="12065036";="Birkenwerder";="Birkenwerder";="Brandenburg";="Deutschland";="Errichtung von Ladeinfrastruktur mit Standorten im Gebiet der Bundesrepublik Deutschland";="HA5010";="Ladeinfrastruktur für Elektrofahrzeuge";="03.03.2022";="31.12.2022";26.000,00;="Technologie- und Innovationsförderung";="";="PDIR";
="4401BF0102";="BMDV";="DG11";="ATENE";="SB";="SWTE Kommunal GmbH & Co.KG";="05566028";="Ibbenbüren";="Ibbenbüren";="Nordrhein-Westfalen";="Deutschland";="SWTE Kommunal GmbH & Co.KG";="05566028";="Ibbenbüren";="Ibbenbüren";="Nordrhein-Westfalen";="Deutschland";="Beratungsleistung - Unterstützung des Gigabitausbaus";="ZMAN";="LP für alle Mandanten";="14.02.2022";="13.02.2024";50.000,00;="Ministerium";="";="PDIR";
="45LVO05039";="BMDV";="G23";="BAV";="II.2";="Stadt Hauzenberg";="09275126";="Hauzenberg";="Hauzenberg";="Bayern";="Deutschland";="Stadt Hauzenberg";="09275126";="Hauzenberg";="Hauzenberg";="Bayern";="Deutschland";="Errichtung von Ladeinfrastruktur mit Standorten im Gebiet der Bundesrepublik Deutschland";="HA5010";="Ladeinfrastruktur für Elektrofahrzeuge";="23.02.2022";="31.12.2022";44.000,00;="Technologie- und Innovationsförderung";="";="PDIR";
="19F1095A";="BMDV";="DG21";="PT-TÜV";="mFUND";="Bauhaus-Universität Weimar";="16055000";="Weimar";="Weimar";="Thüringen";="Deutschland";="Bauhaus-Universität Weimar - Fakultät Bauingenieurwesen - Professur Informatik im Bauwesen";="16055000";="Weimar";="Weimar";="Thüringen";="Deutschland";="Projekt: Automatisierte Erschließung von Gebäudegrundrissen für Kartendienste, Stadt- und Navigationsmodelle - LevelOut - Bauhaus-Universität Weimar";="GA6010";="Projektvorschläge/Vorstudien";="01.04.2022";="31.03.2023";95.009,00;="Technologie- und Innovationsförderung";="";="PDIR";
="6911G0437S";="BMDV";="DG11";="PWC";="PWC_B";="Landkreis Bautzen";="14625020";="Bautzen / Budy?in";="Bautzen";="Sachsen";="Deutschland";="Landkreis Bautzen";="14625020";="Bautzen / Budy?in";="Bautzen";="Sachsen";="Deutschland";="Ausbau der Breitbandinfrastruktur nach dem Wirtschaftlichkeitslückenmodell nach Ziff. 5.4 i.V.m. Nr. 3.1 der Förderrichtlinie des Bundes";="ZMAN";="LP für alle Mandanten";="13.07.2020";="31.12.2024";24.071,00;="Ministerium";="";="PDIR";
="45LVO03595";="BMDV";="G23";="BAV";="II.2";="licht-con Produktions GmbH";="05558012";="Coesfeld";="Coesfeld";="Nordrhein-Westfalen";="Deutschland";="licht-con Produktions GmbH";="05558012";="Coesfeld";="Coesfeld";="Nordrhein-Westfalen";="Deutschland";="Errichtung von Ladeinfrastruktur mit Standorten im Gebiet der Bundesrepublik Deutschland";="HA5010";="Ladeinfrastruktur für Elektrofahrzeuge";="24.02.2022";="31.12.2022";9.614,00;="Technologie- und Innovationsförderung";="";="PDIR";
="45LVO05023";="BMDV";="G23";="BAV";="II.2";="Gemeinde Wackersberg";="09173145";="Wackersberg";="Wackersberg";="Bayern";="Deutschland";="Gemeinde Wackersberg";="09173145";="Wackersberg";="Wackersberg";="Bayern";="Deutschland";="Errichtung von Ladeinfrastruktur mit Standorten im Gebiet der Bundesrepublik Deutschland";="HA5010";="Ladeinfrastruktur für Elektrofahrzeuge";="23.02.2022";="31.12.2022";80.000,00;="Technologie- und Innovationsförderung";="";="PDIR";
="45LVO03232";="BMDV";="G23";="BAV";="II.2";="Keine Anzeige aufgrund datenschutzrechtlicher Regelungen.";="01054036";="Garding";="Garding";="Schleswig-Holstein";="Deutschland";="Keine Anzeige aufgrund datenschutzrechtlicher Regelungen.";="01054036";="Garding";="Garding";="Schleswig-Holstein";="Deutschland";="Errichtung von Ladeinfrastruktur mit Standorten im Gebiet der Bundesrepublik Deutschland";="HA5010";="Ladeinfrastruktur für Elektrofahrzeuge";="23.02.2022";="31.12.2022";14.400,00;="Technologie- und Innovationsförderung";="";="PDIR";
="45LVO05085";="BMDV";="G23";="BAV";="II.2";="Stadt Schwarzenbach a.Wald";="09475169";="Schwarzenbach a.Wald";="Schwarzenbach a.Wald";="Bayern";="Deutschland";="Stadt Schwarzenbach a.Wald";="09475169";="Schwarzenbach a.Wald";="Schwarzenbach a.Wald";="Bayern";="Deutschland";="Errichtung von Ladeinfrastruktur mit Standorten im Gebiet der Bundesrepublik Deutschland";="HA5010";="Ladeinfrastruktur für Elektrofahrzeuge";="23.02.2022";="31.12.2022";48.000,00;="Technologie- und Innovationsförderung";="";="PDIR";
="45LVO03325";="BMDV";="G23";="BAV";="II.2";="Anna Margareta - Diakonischer Verein Grafschaft Diepholz.e.V.";="03251012";="Diepholz";="Diepholz";="Niedersachsen";="Deutschland";="Anna Margareta - Diakonischer Verein Grafschaft Diepholz.e.V.";="03251012";="Diepholz";="Diepholz";="Niedersachsen";="Deutschland";="Errichtung von Ladeinfrastruktur mit Standorten im Gebiet der Bundesrepublik Deutschland";="HA5010";="Ladeinfrastruktur für Elektrofahrzeuge";="07.03.2022";="31.12.2022";14.376,00;="Technologie- und Innovationsförderung";="";="PDIR";
="45LVO05048";="BMDV";="G23";="BAV";="II.2";="Stadt Wertingen";="09773182";="Wertingen";="Wertingen";="Bayern";="Deutschland";="Stadt Wertingen";="09773182";="Wertingen";="Wertingen";="Bayern";="Deutschland";="Errichtung von Ladeinfrastruktur mit Standorten im Gebiet der Bundesrepublik Deutschland";="HA5010";="Ladeinfrastruktur für Elektrofahrzeuge";="23.02.2022";="31.12.2022";42.000,00;="Technologie- und Innovationsförderung";="";="PDIR";
="45LVO03282";="BMDV";="G23";="BAV";="II.2";="Eilenriedestift e.V.";="03241001";="Hannover";="Hannover";="Niedersachsen";="Deutschland";="Eilenriedestift e.V.";="03241001";="Hannover";="Hannover";="Niedersachsen";="Deutschland";="Errichtung von Ladeinfrastruktur mit Standorten im Gebiet der Bundesrepublik Deutschland";="HA5010";="Ladeinfrastruktur für Elektrofahrzeuge";="23.02.2022";="31.12.2022";24.653,00;="Technologie- und Innovationsförderung";="";="PDIR";
="45LVO03700";="BMDV";="G23";="BAV";="II.2";="Keine Anzeige aufgrund datenschutzrechtlicher Regelungen.";="07211000";="Trier";="Trier";="Rheinland-Pfalz";="Deutschland";="Keine Anzeige aufgrund datenschutzrechtlicher Regelungen.";="07235026";="Föhren";="Föhren";="Rheinland-Pfalz";="Deutschland";="Errichtung von Ladeinfrastruktur mit Standorten im Gebiet der Bundesrepublik Deutschland";="HA5010";="Ladeinfrastruktur für Elektrofahrzeuge";="23.02.2022";="31.12.2022";16.000,00;="Technologie- und Innovationsförderung";="";="PDIR";
="6901BF0845";="BMDV";="DG11";="PWC";="PWC_B";="Gemeinde Mauth";="09272134";="Mauth";="Mauth";="Bayern";="Deutschland";="Gemeinde Mauth";="09272134";="Mauth";="Mauth";="Bayern";="Deutschland";="Beratungsleistung - Ausbau der Breitbandinfrastruktur nach Nr. 3.3 der Gigabit-RL des Bundes";="ZMAN";="LP für alle Mandanten";="01.03.2022";="29.02.2024";50.000,00;="Ministerium";="";="PDIR";
="6901BF0780";="BMDV";="DG11";="PWC";="PWC_B";="Gemeinde Bad Füssing";="09275116";="Bad Füssing";="Bad Füssing";="Bayern";="Deutschland";="Gemeinde Bad Füssing";="09275116";="Bad Füssing";="Bad Füssing";="Bayern";="Deutschland";="Beratungsleistung - Ausbau der Breitbandinfrastruktur nach Nr. 3.3 der Gigabit-RL des Bundes";="ZMAN";="LP für alle Mandanten";="01.03.2022";="29.02.2024";50.000,00;="Ministerium";="";="PDIR";
="45LVO05355";="BMDV";="G23";="BAV";="II.2";="Stadt Hemer";="05962016";="Hemer";="Hemer";="Nordrhein-Westfalen";="Deutschland";="Stadt Hemer";="05962016";="Hemer";="Hemer";="Nordrhein-Westfalen";="Deutschland";="Errichtung von Ladeinfrastruktur mit Standorten im Gebiet der Bundesrepublik Deutschland";="HA5010";="Ladeinfrastruktur für Elektrofahrzeuge";="10.03.2022";="31.12.2022";38.475,00;="Technologie- und Innovationsförderung";="";="PDIR";
="6901BF0846";="BMDV";="DG11";="PWC";="PWC_B";="Gemeinde Georgenberg";="09374123";="Georgenberg";="Georgenberg";="Bayern";="Deutschland";="Gemeinde Georgenberg";="09374123";="Georgenberg";="Georgenberg";="Bayern";="Deutschland";="Beratungsleistung - Ausbau der Breitbandinfrastruktur nach Nr. 3.3 der Gigabit-RL des Bundes";="ZMAN";="LP für alle Mandanten";="01.03.2022";="29.02.2024";50.000,00;="Ministerium";="";="PDIR";
="45LVO05603";="BMDV";="G23";="BAV";="II.2";="Stadt Hemer";="05962016";="Hemer";="Hemer";="Nordrhein-Westfalen";="Deutschland";="Stadt Hemer";="05962016";="Hemer";="Hemer";="Nordrhein-Westfalen";="Deutschland";="Errichtung von Ladeinfrastruktur mit Standorten im Gebiet der Bundesrepublik Deutschland";="HA5010";="Ladeinfrastruktur für Elektrofahrzeuge";="10.03.2022";="31.12.2022";9.044,00;="Technologie- und Innovationsförderung";="";="PDIR";
="45LVO03050";="BMDV";="G23";="BAV";="II.2";="Indlekofer Verwaltungs GmbH";="08118070";="Steinheim an der Murr";="Steinheim an der Murr";="Baden-Württemberg";="Deutschland";="Indlekofer Verwaltungs GmbH";="08118070";="Steinheim an der Murr";="Steinheim an der Murr";="Baden-Württemberg";="Deutschland";="Errichtung von Ladeinfrastruktur mit Standorten im Gebiet der Bundesrepublik Deutschland";="HA5010";="Ladeinfrastruktur für Elektrofahrzeuge";="04.03.2022";="31.12.2022";140.800,00;="Technologie- und Innovationsförderung";="";="PDIR";
="45LVO03597";="BMDV";="G23";="BAV";="II.2";="Keine Anzeige aufgrund datenschutzrechtlicher Regelungen.";="08317153";="Rheinau";="Rheinau";="Baden-Württemberg";="Deutschland";="Keine Anzeige aufgrund datenschutzrechtlicher Regelungen.";="08317153";="Rheinau";="Rheinau";="Baden-Württemberg";="Deutschland";="Errichtung von Ladeinfrastruktur mit Standorten im Gebiet der Bundesrepublik Deutschland";="HA5010";="Ladeinfrastruktur für Elektrofahrzeuge";="24.02.2022";="31.12.2022";18.000,00;="Technologie- und Innovationsförderung";="";="PDIR";
="45LVO03037";="BMDV";="G23";="BAV";="II.2";="Fachmarkt R. Brand GmbH";="03454035";="Meppen";="Meppen";="Niedersachsen";="Deutschland";="Fachmarkt R. Brand GmbH";="03454035";="Meppen";="Meppen";="Niedersachsen";="Deutschland";="Errichtung von Ladeinfrastruktur mit Standorten im Gebiet der Bundesrepublik Deutschland";="HA5010";="Ladeinfrastruktur für Elektrofahrzeuge";="04.03.2022";="31.12.2022";7.600,00;="Technologie- und Innovationsförderung";="";="PDIR";
="2817OE016";="BMEL";="712";="BLE";="332";="Assoziation ökologischer Lebensmittelhersteller e.V.";="09672113";="Bad Brückenau";="Bad Brückenau";="Bayern";="Deutschland";="Assoziation ökologischer Lebensmittelhersteller e.V.";="09672113";="Bad Brückenau";="Bad Brückenau";="Bayern";="Deutschland";="Erarbeitung eines Code of Practice (CoP) für die ökologische Lebensmittelverarbeitung.";="DB0200";="Nachhaltige Land-, Gartenbau-, Forst-, Fischerei- und Ernährungswirtschaft, Erschließung des Potenzials nachwachsender Rohstoffe";="01.11.2021";="31.10.2022";38.368,00;="Technologie- und Innovationsförderung";="ProOrg";="PDIR";
="45LVO03028";="BMDV";="G23";="BAV";="II.2";="Autohaus Friedrich Sütterlin GmbH";="08311000";="Freiburg im Breisgau";="Freiburg im Breisgau";="Baden-Württemberg";="Deutschland";="Autohaus Friedrich Sütterlin GmbH";="08311000";="Freiburg im Breisgau";="Freiburg im Breisgau";="Baden-Württemberg";="Deutschland";="Errichtung von Ladeinfrastruktur mit Standorten im Gebiet der Bundesrepublik Deutschland";="HA5010";="Ladeinfrastruktur für Elektrofahrzeuge";="23.02.2022";="31.12.2022";42.000,00;="Technologie- und Innovationsförderung";="";="PDIR";
="45LVO02817";="BMDV";="G23";="BAV";="II.2";="Keine Anzeige aufgrund datenschutzrechtlicher Regelungen.";="07335205";="Sembach";="Sembach";="Rheinland-Pfalz";="Deutschland";="Keine Anzeige aufgrund datenschutzrechtlicher Regelungen.";="07335205";="Sembach";="Sembach";="Rheinland-Pfalz";="Deutschland";="Errichtung von Ladeinfrastruktur mit Standorten im Gebiet der Bundesrepublik Deutschland";="HA5010";="Ladeinfrastruktur für Elektrofahrzeuge";="02.03.2022";="31.12.2022";50.000,00;="Technologie- und Innovationsförderung";="";="PDIR";
="45LVO04477";="BMDV";="G23";="BAV";="II.2";="Ortsgemeinde Weyher in der Pfalz c/ o Verbandsgemeindeverwaltung Edenkoben";="07337020";="Edenkoben";="Edenkoben";="Rheinland-Pfalz";="Deutschland";="Ortsgemeinde Weyher in der Pfalz c/ o Verbandsgemeindeverwaltung Edenkoben";="07337020";="Edenkoben";="Edenkoben";="Rheinland-Pfalz";="Deutschland";="Errichtung von Ladeinfrastruktur mit Standorten im Gebiet der Bundesrepublik Deutschland";="HA5010";="Ladeinfrastruktur für Elektrofahrzeuge";="01.03.2022";="31.12.2022";18.000,00;="Technologie- und Innovationsförderung";="";="PDIR";
="45LVO04389";="BMDV";="G23";="BAV";="II.2";="Ortsgemeinde Venningen c/ o Verbandsgemeindeverwaltung Edenkoben";="07337020";="Edenkoben";="Edenkoben";="Rheinland-Pfalz";="Deutschland";="Ortsgemeinde Venningen c/ o Verbandsgemeindeverwaltung Edenkoben";="07337020";="Edenkoben";="Edenkoben";="Rheinland-Pfalz";="Deutschland";="Errichtung von Ladeinfrastruktur mit Standorten im Gebiet der Bundesrepublik Deutschland";="HA5010";="Ladeinfrastruktur für Elektrofahrzeuge";="28.02.2022";="31.12.2022";18.000,00;="Technologie- und Innovationsförderung";="";="PDIR";
="6911G0225S";="BMDV";="DG11";="PWC";="PWC_B";="Große Kreisstadt Erding";="09177117";="Erding";="Erding";="Bayern";="Deutschland";="Große Kreisstadt Erding";="09177117";="Erding";="Erding";="Bayern";="Deutschland";="Ausbau der Breitbandinfrastruktur nach dem Wirtschaftlichkeitslückenmodell nach Ziff. 5.4 i.V.m. Nr. 3.1 der Förderrichtlinie des Bundes";="ZMAN";="LP für alle Mandanten";="17.12.2019";="31.07.2023";25.609,00;="Ministerium";="";="PDIR";
="45LVO04287";="BMDV";="G23";="BAV";="II.2";="TOP Mehrwert-Logistik GmbH & Co. KG";="02000000";="Hamburg";="Hamburg";="Hamburg";="Deutschland";="TOP Mehrwert-Logistik GmbH & Co. KG";="02000000";="Hamburg";="Hamburg";="Hamburg";="Deutschland";="Errichtung von Ladeinfrastruktur mit Standorten im Gebiet der Bundesrepublik Deutschland";="HA5010";="Ladeinfrastruktur für Elektrofahrzeuge";="23.02.2022";="31.12.2022";50.000,00;="Technologie- und Innovationsförderung";="";="PDIR";
="372223V283";="BMU";="GIII5";="UBA";="Z 1.5";="Sachverständigen-Kuratorium für Landwirtschaft, Forstwirtschaft, Gartenbau, Landespflege, Weinbau, Binnenfischerei, Pferde und Agrarrecht e.V.";="03241001";="Hannover";="Hannover";="Niedersachsen";="Deutschland";="Sachverständigen-Kuratorium für Landwirtschaft, Forstwirtschaft, Gartenbau, Landespflege, Weinbau, Binnenfischerei, Pferde und Agrarrecht e.V.";="03241001";="Hannover";="Hannover";="Niedersachsen";="Deutschland";="Wasserdialog Landwirtschaft.Wasserwirtschaft";="ZMAN";="LP für alle Mandanten";="01.03.2022";="28.02.2023";55.714,00;="Ministerium";="";="PDIR";
="45LVO03578";="BMDV";="G23";="BAV";="II.2";="Autohaus Müller GmbH";="09276120";="Drachselsried";="Drachselsried";="Bayern";="Deutschland";="Autohaus Müller GmbH";="09276120";="Drachselsried";="Drachselsried";="Bayern";="Deutschland";="Errichtung von Ladeinfrastruktur mit Standorten im Gebiet der Bundesrepublik Deutschland";="HA5010";="Ladeinfrastruktur für Elektrofahrzeuge";="24.02.2022";="31.12.2022";8.000,00;="Technologie- und Innovationsförderung";="";="PDIR";
="45LVO03644";="BMDV";="G23";="BAV";="II.2";="Keine Anzeige aufgrund datenschutzrechtlicher Regelungen.";="05378020";="Odenthal";="Odenthal";="Nordrhein-Westfalen";="Deutschland";="Keine Anzeige aufgrund datenschutzrechtlicher Regelungen.";="05378020";="Odenthal";="Odenthal";="Nordrhein-Westfalen";="Deutschland";="Errichtung von Ladeinfrastruktur mit Standorten im Gebiet der Bundesrepublik Deutschland";="HA5010";="Ladeinfrastruktur für Elektrofahrzeuge";="25.02.2022";="31.12.2022";2.530,00;="Technologie- und Innovationsförderung";="";="PDIR";
="45LVO02852";="BMDV";="G23";="BAV";="II.2";="Arnfried Stange Verwaltungs GmbH";="14612000";="Dresden";="Dresden";="Sachsen";="Deutschland";="Arnfried Stange Verwaltungs GmbH";="14612000";="Dresden";="Dresden";="Sachsen";="Deutschland";="Errichtung von Ladeinfrastruktur mit Standorten im Gebiet der Bundesrepublik Deutschland";="HA5010";="Ladeinfrastruktur für Elektrofahrzeuge";="09.03.2022";="31.12.2022";44.400,00;="Technologie- und Innovationsförderung";="";="PDIR";
="45LVO02910";="BMDV";="G23";="BAV";="II.2";="Keine Anzeige aufgrund datenschutzrechtlicher Regelungen.";="09187168";="Rimsting";="Rimsting";="Bayern";="Deutschland";="Keine Anzeige aufgrund datenschutzrechtlicher Regelungen.";="09187168";="Rimsting";="Rimsting";="Bayern";="Deutschland";="Errichtung von Ladeinfrastruktur mit Standorten im Gebiet der Bundesrepublik Deutschland";="HA5010";="Ladeinfrastruktur für Elektrofahrzeuge";="15.03.2022";="31.12.2022";18.000,00;="Technologie- und Innovationsförderung";="";="PDIR";
="45LVO05602";="BMDV";="G23";="BAV";="II.2";="Gemeinde Jachenau";="09173131";="Jachenau";="Jachenau";="Bayern";="Deutschland";="Gemeinde Jachenau";="09173131";="Jachenau";="Jachenau";="Bayern";="Deutschland";="Errichtung von Ladeinfrastruktur mit Standorten im Gebiet der Bundesrepublik Deutschland";="HA5010";="Ladeinfrastruktur für Elektrofahrzeuge";="14.02.2022";="31.12.2022";18.000,00;="Technologie- und Innovationsförderung";="";="PDIR";
="6911G0434S";="BMDV";="DG11";="PWC";="PWC_B";="Landkreis Bautzen";="14625020";="Bautzen / Budy?in";="Bautzen";="Sachsen";="Deutschland";="Landkreis Bautzen";="14625020";="Bautzen / Budy?in";="Bautzen";="Sachsen";="Deutschland";="Ausbau der Breitbandinfrastruktur nach dem Wirtschaftlichkeitslückenmodell nach Ziff. 5.4 i.V.m. Nr. 3.1 der Förderrichtlinie des Bundes";="ZMAN";="LP für alle Mandanten";="13.07.2020";="31.12.2024";104.050,00;="Ministerium";="";="PDIR";
="6911G0441S";="BMDV";="DG11";="PWC";="PWC_B";="Landkreis Bautzen";="14625020";="Bautzen / Budy?in";="Bautzen";="Sachsen";="Deutschland";="Landkreis Bautzen";="14625020";="Bautzen / Budy?in";="Bautzen";="Sachsen";="Deutschland";="Ausbau der Breitbandinfrastruktur nach dem Wirtschaftlichkeitslückenmodell nach Ziff. 5.4 i.V.m. Nr. 3.1 der Förderrichtlinie des Bundes";="ZMAN";="LP für alle Mandanten";="13.07.2020";="31.12.2023";21.893,00;="Ministerium";="";="PDIR";
="45LVO02879";="BMDV";="G23";="BAV";="II.2";="Stiftung Leben und Arbeit";="14628410";="Wilsdruff";="Wilsdruff";="Sachsen";="Deutschland";="Stiftung Leben und Arbeit";="14628410";="Wilsdruff";="Wilsdruff";="Sachsen";="Deutschland";="Errichtung von Ladeinfrastruktur mit Standorten im Gebiet der Bundesrepublik Deutschland";="HA5010";="Ladeinfrastruktur für Elektrofahrzeuge";="02.03.2022";="31.12.2022";132.000,00;="Technologie- und Innovationsförderung";="";="PDIR";
="6911G0435S";="BMDV";="DG11";="PWC";="PWC_B";="Landkreis Bautzen";="14625020";="Bautzen / Budy?in";="Bautzen";="Sachsen";="Deutschland";="Landkreis Bautzen";="14625020";="Bautzen / Budy?in";="Bautzen";="Sachsen";="Deutschland";="Ausbau der Breitbandinfrastruktur nach dem Wirtschaftlichkeitslückenmodell nach Ziff. 5.4 i.V.m. Nr. 3.1 der Förderrichtlinie des Bundes";="ZMAN";="LP für alle Mandanten";="13.07.2020";="31.12.2023";45.490,00;="Ministerium";="";="PDIR";
="45LVO04240";="BMDV";="G23";="BAV";="II.2";="Stadt Hilchenbach";="05970020";="Hilchenbach";="Hilchenbach";="Nordrhein-Westfalen";="Deutschland";="Stadt Hilchenbach";="05970020";="Hilchenbach";="Hilchenbach";="Nordrhein-Westfalen";="Deutschland";="Errichtung von Ladeinfrastruktur mit Standorten im Gebiet der Bundesrepublik Deutschland";="HA5010";="Ladeinfrastruktur für Elektrofahrzeuge";="02.03.2022";="31.12.2022";8.680,00;="Technologie- und Innovationsförderung";="";="PDIR";
="45LVO03647";="BMDV";="G23";="BAV";="II.2";="AVALON Hotelpark Königshof, Königslutter GmbH";="03154013";="Königslutter am Elm";="Königslutter am Elm";="Niedersachsen";="Deutschland";="AVALON Hotelpark Königshof, Königslutter GmbH";="03154013";="Königslutter am Elm";="Königslutter am Elm";="Niedersachsen";="Deutschland";="Errichtung von Ladeinfrastruktur mit Standorten im Gebiet der Bundesrepublik Deutschland";="HA5010";="Ladeinfrastruktur für Elektrofahrzeuge";="25.02.2022";="31.12.2022";19.234,00;="Technologie- und Innovationsförderung";="";="PDIR";
="6901BF0640";="BMDV";="DG11";="PWC";="PWC_B";="Stadt Neumarkt-Sankt Veit";="09183129";="Neumarkt-Sankt Veit";="Neumarkt-Sankt Veit";="Bayern";="Deutschland";="Stadt Neumarkt-Sankt Veit";="09183129";="Neumarkt-Sankt Veit";="Neumarkt-Sankt Veit";="Bayern";="Deutschland";="Beratungsleistung - Ausbau der Breitbandinfrastruktur nach Nr. 3.3 der Gigabit-RL des Bundes";="ZMAN";="LP für alle Mandanten";="01.03.2022";="29.02.2024";50.000,00;="Ministerium";="";="PDIR";
="6901BF0852";="BMDV";="DG11";="PWC";="PWC_B";="Gemeinde Oerlenbach";="09672140";="Oerlenbach";="Oerlenbach";="Bayern";="Deutschland";="Gemeinde Oerlenbach";="09672140";="Oerlenbach";="Oerlenbach";="Bayern";="Deutschland";="Beratungsleistung - Ausbau der Breitbandinfrastruktur nach Nr. 3.3 der Gigabit-RL des Bundes";="ZMAN";="LP für alle Mandanten";="15.03.2022";="14.03.2024";50.000,00;="Ministerium";="";="PDIR";
="6901BF0710";="BMDV";="DG11";="PWC";="PWC_B";="Gemeinde Dörfles-Esbach";="09473120";="Dörfles-Esbach";="Dörfles-Esbach";="Bayern";="Deutschland";="Gemeinde Dörfles-Esbach";="09473120";="Dörfles-Esbach";="Dörfles-Esbach";="Bayern";="Deutschland";="Beratungsleistung - Ausbau der Breitbandinfrastruktur nach Nr. 3.3 der Gigabit-RL des Bundes";="ZMAN";="LP für alle Mandanten";="01.03.2022";="29.02.2024";50.000,00;="Ministerium";="";="PDIR";
="45LVO03638";="BMDV";="G23";="BAV";="II.2";="Hofnagel und Bade GmbH & Co. KG";="05914000";="Hagen";="Hagen";="Nordrhein-Westfalen";="Deutschland";="Hofnagel und Bade GmbH & Co. KG";="05914000";="Hagen";="Hagen";="Nordrhein-Westfalen";="Deutschland";="Errichtung von Ladeinfrastruktur mit Standorten im Gebiet der Bundesrepublik Deutschland";="HA5010";="Ladeinfrastruktur für Elektrofahrzeuge";="25.02.2022";="31.12.2022";16.778,00;="Technologie- und Innovationsförderung";="";="PDIR";
="45LVO02978";="BMDV";="G23";="BAV";="II.2";="TOP Mehrwert-Logistik GmbH & Co. KG";="02000000";="Hamburg";="Hamburg";="Hamburg";="Deutschland";="TOP Mehrwert-Logistik GmbH & Co. KG";="02000000";="Hamburg";="Hamburg";="Hamburg";="Deutschland";="Errichtung von Ladeinfrastruktur mit Standorten im Gebiet der Bundesrepublik Deutschland";="HA5010";="Ladeinfrastruktur für Elektrofahrzeuge";="23.02.2022";="31.12.2022";41.600,00;="Technologie- und Innovationsförderung";="";="PDIR";
="45LVO05094";="BMDV";="G23";="BAV";="II.2";="Gemeinde Borgstedt";="01058066";="Groß Wittensee";="Groß Wittensee";="Schleswig-Holstein";="Deutschland";="Gemeinde Borgstedt";="01058066";="Groß Wittensee";="Groß Wittensee";="Schleswig-Holstein";="Deutschland";="Errichtung von Ladeinfrastruktur mit Standorten im Gebiet der Bundesrepublik Deutschland";="HA5010";="Ladeinfrastruktur für Elektrofahrzeuge";="04.03.2022";="31.12.2022";10.751,00;="Technologie- und Innovationsförderung";="";="PDIR";
="45LVO05540";="BMDV";="G23";="BAV";="II.2";="Gemeinde Hartmannsdorf";="14522260";="Hartmannsdorf";="Hartmannsdorf";="Sachsen";="Deutschland";="Gemeinde Hartmannsdorf";="14522260";="Hartmannsdorf";="Hartmannsdorf";="Sachsen";="Deutschland";="Errichtung von Ladeinfrastruktur mit Standorten im Gebiet der Bundesrepublik Deutschland";="HA5010";="Ladeinfrastruktur für Elektrofahrzeuge";="23.02.2022";="31.12.2022";16.000,00;="Technologie- und Innovationsförderung";="";="PDIR";
="45LVO02848";="BMDV";="G23";="BAV";="II.2";="HWT Hansen GmbH & Co. KG";="03361009";="Oyten";="Oyten";="Niedersachsen";="Deutschland";="HWT Hansen GmbH & Co. KG";="03361009";="Oyten";="Oyten";="Niedersachsen";="Deutschland";="Errichtung von Ladeinfrastruktur mit Standorten im Gebiet der Bundesrepublik Deutschland";="HA5010";="Ladeinfrastruktur für Elektrofahrzeuge";="11.03.2022";="31.12.2022";23.236,00;="Technologie- und Innovationsförderung";="";="PDIR";
="6911G0597S";="BMDV";="DG11";="PWC";="PWC_B";="Stadt Oberviechtach";="09376151";="Oberviechtach";="Oberviechtach";="Bayern";="Deutschland";="Stadt Oberviechtach";="09376151";="Oberviechtach";="Oberviechtach";="Bayern";="Deutschland";="Ausbau der Breitbandinfrastruktur nach dem Wirtschaftlichkeitslückenmodell nach Ziff. 5.4 i.V.m. Nr. 3.1 der Förderrichtlinie des Bundes";="ZMAN";="LP für alle Mandanten";="31.08.2020";="31.05.2024";23.268,00;="Ministerium";="";="PDIR";
="45LVO05541";="BMDV";="G23";="BAV";="II.2";="Gemeinde Görisried";="09777131";="Görisried";="Görisried";="Bayern";="Deutschland";="Gemeinde Görisried";="09777131";="Görisried";="Görisried";="Bayern";="Deutschland";="Errichtung von Ladeinfrastruktur mit Standorten im Gebiet der Bundesrepublik Deutschland";="HA5010";="Ladeinfrastruktur für Elektrofahrzeuge";="03.03.2022";="31.12.2022";18.000,00;="Technologie- und Innovationsförderung";="";="PDIR";
="45LVO03046";="BMDV";="G23";="BAV";="II.2";="Keine Anzeige aufgrund datenschutzrechtlicher Regelungen.";="05958016";="Eslohe (Sauerland)";="Eslohe (Sauerland)";="Nordrhein-Westfalen";="Deutschland";="Keine Anzeige aufgrund datenschutzrechtlicher Regelungen.";="05958016";="Eslohe (Sauerland)";="Eslohe (Sauerland)";="Nordrhein-Westfalen";="Deutschland";="Errichtung von Ladeinfrastruktur mit Standorten im Gebiet der Bundesrepublik Deutschland";="HA5010";="Ladeinfrastruktur für Elektrofahrzeuge";="04.03.2022";="31.12.2022";12.273,00;="Technologie- und Innovationsförderung";="";="PDIR";
="45LVO04254";="BMDV";="G23";="BAV";="II.2";="Stadt Hilchenbach";="05970020";="Hilchenbach";="Hilchenbach";="Nordrhein-Westfalen";="Deutschland";="Stadt Hilchenbach";="05970020";="Hilchenbach";="Hilchenbach";="Nordrhein-Westfalen";="Deutschland";="Errichtung von Ladeinfrastruktur mit Standorten im Gebiet der Bundesrepublik Deutschland";="HA5010";="Ladeinfrastruktur für Elektrofahrzeuge";="02.03.2022";="31.12.2022";8.680,00;="Technologie- und Innovationsförderung";="";="PDIR";
="45LVO03495";="BMDV";="G23";="BAV";="II.2";="Keine Anzeige aufgrund datenschutzrechtlicher Regelungen.";="09187165";="Raubling";="Raubling";="Bayern";="Deutschland";="Keine Anzeige aufgrund datenschutzrechtlicher Regelungen.";="09187165";="Raubling";="Raubling";="Bayern";="Deutschland";="Errichtung von Ladeinfrastruktur mit Standorten im Gebiet der Bundesrepublik Deutschland";="HA5010";="Ladeinfrastruktur für Elektrofahrzeuge";="07.03.2022";="31.12.2022";18.000,00;="Technologie- und Innovationsförderung";="";="PDIR";
="45LVO05100";="BMDV";="G23";="BAV";="II.2";="Gemeinde Reichersbeuern";="09173140";="Reichersbeuern";="Reichersbeuern";="Bayern";="Deutschland";="Gemeinde Reichersbeuern";="09173140";="Reichersbeuern";="Reichersbeuern";="Bayern";="Deutschland";="Errichtung von Ladeinfrastruktur mit Standorten im Gebiet der Bundesrepublik Deutschland";="HA5010";="Ladeinfrastruktur für Elektrofahrzeuge";="28.02.2022";="31.12.2022";14.400,00;="Technologie- und Innovationsförderung";="";="PDIR";
="45LVO02942";="BMDV";="G23";="BAV";="II.2";="Hotel Alpenhof Bad Wiessee GmbH";="09182111";="Bad Wiessee";="Bad Wiessee";="Bayern";="Deutschland";="Hotel Alpenhof Bad Wiessee GmbH";="09182111";="Bad Wiessee";="Bad Wiessee";="Bayern";="Deutschland";="Errichtung von Ladeinfrastruktur mit Standorten im Gebiet der Bundesrepublik Deutschland";="HA5010";="Ladeinfrastruktur für Elektrofahrzeuge";="04.03.2022";="31.12.2022";25.992,00;="Technologie- und Innovationsförderung";="";="PDIR";
="13N15865";="BMBF";="514";="PT-VDI";="TZ-PT";="kiutra GmbH";="09162000";="München";="München";="Bayern";="Deutschland";="kiutra GmbH";="09162000";="München";="München";="Bayern";="Deutschland";="Verbundprojekt: Materials in Quantum Computing (MATQu) - Teilvorhaben: Tieftemperaturtechnik zum Schnelltesten supraleitender Schaltkreise";="L01010";="Quantentechnologien: Quantencomputing und -simulation";="01.09.2021";="31.05.2024";228.580,00;="Technologie- und Innovationsförderung";="Materials in Quantum Computing";="PDIR";
="13N15863";="BMBF";="514";="PT-VDI";="TZ-PT";="Keysight Technologies Deutschland GmbH";="08115003";="Böblingen";="Böblingen";="Baden-Württemberg";="Deutschland";="Keysight Technologies Deutschland GmbH";="08115003";="Böblingen";="Böblingen";="Baden-Württemberg";="Deutschland";="Verbundprojekt: Materials in Quantum Computing (MATQu) - Teilvorhaben: Messtechnik zur Charakterisierung von Quantum Bits";="L01010";="Quantentechnologien: Quantencomputing und -simulation";="01.09.2021";="31.05.2024";99.593,00;="Technologie- und Innovationsförderung";="Materials in Quantum Computing";="PDIR";
="01MK21005A";="BMWK";="VIB3";="PT-DLR";="MM";="Deutsches Forschungszentrum für Künstliche Intelligenz GmbH";="07312000";="Kaiserslautern";="Kaiserslautern";="Rheinland-Pfalz";="Deutschland";="Deutsches Forschungszentrum für Künstliche Intelligenz GmbH - Außenstelle Universität Trier";="07211000";="Trier";="Trier";="Rheinland-Pfalz";="Deutschland";="Verbundprojekt: SPELL - Semantische Plattform zur intelligenten Entscheidungs- und Einsatzunterstützung in Leitstellen und beim Lagemanagement, Teilvorhaben: Semantische Modellierung und KI-Dienste";="GE2110";="Forschung, Entwicklung und Innovation zu KI";="01.06.2021";="31.05.2024";2.078.360,00;="Technologie- und Innovationsförderung";="SPELL - Semantische Plattform zur intelligenten Entscheidungs- und Einsatzunterstützung in Leitstellen und beim Lagemanagement";="PDIR";
